,conceptCategory,Title,link,type,total timing,minutes_estimate,transcript
,Amino Acids,AK: Introduction to Amino Acids,https://www.youtube.com/watch?v=LHNNOIMt5x0,video,,24,
,Amino Acids,AK: Amino Acid: Mneumonic Overview,https://www.youtube.com/watch?v=31sLSoK_qww,video,,24,
,Amino Acids,AK: Amino Acids & PKA,https://www.youtube.com/watch?v=eE4WgONS6-k,video,,16,
,Amino Acids,OpenStax Amino Acids,https://drive.google.com/file/d/19LlxRfN5GaPwUr2RQWujp7npPkXRzVaX/view?usp=drive_link,reading,,40,
,Amino Acids,OpenStax Amino Acid Henderson Hasselbach,https://drive.google.com/file/d/1LFrLVVIf6_WJN4f1UjcHlVj8ekslNfM6/view?usp=drive_link,reading,,40,
,Enzymes,AK: Properties of Enzymes,https://www.youtube.com/watch?v=Gy3fEdy9cCA&list=PL9jo2wQj1WCNypGCqFxAl8GBsxgAsEgis&index=1,video,,20,
,Enzymes,AK: Activation Energy,https://www.youtube.com/watch?v=tPCOEUo6J8s&list=PL9jo2wQj1WCNypGCqFxAl8GBsxgAsEgis&index=2,video,,24,
,Enzymes,AK: Gibbs Free Energy,https://www.youtube.com/watch?v=u_IQu7h6xfo&list=PL9jo2wQj1WCNypGCqFxAl8GBsxgAsEgis&index=3,video,,11,
,Enzymes,AK: Transition States,https://www.youtube.com/watch?v=NEQ9WS8w-2I&list=PL9jo2wQj1WCNypGCqFxAl8GBsxgAsEgis&index=4,video,,13,
,Enzymes,AK: Properties of Active Sites,https://www.youtube.com/watch?v=xzeg7ult6pM&list=PL9jo2wQj1WCNypGCqFxAl8GBsxgAsEgis&index=5,video,,22,
,Enzymes,AK: Inhibition,https://www.youtube.com/watch?v=0ZiCqwtFMTs&list=PL9jo2wQj1WCNypGCqFxAl8GBsxgAsEgis&index=16,video,,32,
,Enzymes,LibreText: Enzymes,https://drive.google.com/file/d/1QSy0onMeXYwxHF8SBsIRMEwu64tFng-x/view?usp=drive_link,reading,,40,
,Proteins,KA: Peptide Bond,https://www.youtube.com/watch?v=LJvpGcSwWbg&list=PLbKSbFnKYVY0By5uwg3eAmGeuynvGqCQw&index=4,reading,,14,
,Proteins,KA: Protein Structure,https://www.youtube.com/watch?v=iDVR1TB1X9w&list=PLbKSbFnKYVY0By5uwg3eAmGeuynvGqCQw&index=5,video,,16,
,Proteins,KA: Conformational Stability,https://www.youtube.com/watch?v=gXa6JIv5WlQ&list=PLbKSbFnKYVY0By5uwg3eAmGeuynvGqCQw&index=6,video,,15,
,Proteins,KA: Nonenzymatic Function,https://www.youtube.com/watch?v=eVmLvbB6L18&list=PLbKSbFnKYVY0By5uwg3eAmGeuynvGqCQw&index=7,video,,20,
,Proteins,OpenStax: Proteins,https://drive.google.com/file/d/1gCan4ThSkMyupChBzxiw2CIJgeqFpSV1/view?usp=drive_link,reading,,40,
,DNA & Biotechnology,AK: Introduction to Amino Acids,https://www.youtube.com/watch?v=1Wc4jTH2v_w&list=PLEb9Ugg1mc_mpKysr4RcjfeBIrl6qHRER,video,,16,
,DNA & Biotechnology,AK: Composition of Amino Acids,https://www.youtube.com/watch?v=Ux1tAy1Jb_I&list=PLEb9Ugg1mc_mpKysr4RcjfeBIrl6qHRER&index=2,video,,30,
,DNA & Biotechnology,AK: Nucleotides & Nucleosides,https://www.youtube.com/watch?v=GgQrEJaEH0U&list=PLEb9Ugg1mc_mpKysr4RcjfeBIrl6qHRER&index=3,video,,24,
,DNA & Biotechnology,AK: Watson-Crick Model,https://www.youtube.com/watch?v=VLD9VLxN3PI&list=PLEb9Ugg1mc_mpKysr4RcjfeBIrl6qHRER&index=4,video,,18,
,DNA & Biotechnology,KA: DNA Replication,https://www.youtube.com/watch?v=to6fXp6PTxo,video,,22,
,DNA & Biotechnology,KA: DNA Leading and Lagging Strands,https://www.youtube.com/watch?v=eM7arWJJ3zk,video,,20,
,DNA & Biotechnology,AK: Restriction Enzymes,https://www.youtube.com/watch?v=mMIRBNUuX6I&list=PL9jo2wQj1WCOxYmwHZdbrvHdbGh0kVjVu&index=52,video,,24,
,DNA & Biotechnology,AK: Polymerase Chain Reaction,https://www.youtube.com/watch?v=HmkNzMrhIFQ&list=PL9jo2wQj1WCOxYmwHZdbrvHdbGh0kVjVu&index=55,video,,25,
,DNA & Biotechnology,YT: Blotting,https://www.youtube.com/watch?v=ZrSdcQ0AlWM,video,,14,
,DNA & Biotechnology,LibreText: DNA,https://drive.google.com/file/d/1VmOXfMweaEgKigz1ei93_3Rqj-K5mfwe/view?usp=drive_link,reading,,40,
,RNA and The Central Dogma,AK: Genetic Code,https://www.youtube.com/watch?v=9OvzIpQhXTw&list=PLJfaUvg-bhk1IbO1GxnxrzskZbtyYdnEC,video,,25,
,RNA and The Central Dogma,"AK: mRNA, tRNA, rRNA",https://www.youtube.com/watch?v=dcvtHSFzKOQ&list=PLJfaUvg-bhk1IbO1GxnxrzskZbtyYdnEC&index=2,video,,20,
,RNA and The Central Dogma,KA: Transcription,https://www.youtube.com/watch?v=JQIwwJqF5D0,video,,20,
,RNA and The Central Dogma,RNA Processing,https://www.youtube.com/watch?v=LZ9TkJ5esnw,video,,22,
,RNA and The Central Dogma,KA: Translation,https://www.youtube.com/watch?v=ocAAkB32Hqs,video,,24,
,RNA and The Central Dogma,OpenStax: RNA,https://drive.google.com/file/d/16int_peX-3JYYAaitDF_UZD2pniKl8lU/view?usp=drive_link,reading,,40,
,Eukaryotic Gene Expression,KA: Operons and Gene Regulation,https://www.youtube.com/watch?v=N7_K0yl0Egk,video,,20,
,Eukaryotic Gene Expression,AS: Epigenetics,https://www.youtube.com/watch?v=MD3Fc0XOjWk,video,,16,
,Eukaryotic Gene Expression,AK: Gene Mutations,https://www.youtube.com/watch?v=vfp0JUCTbdE,video,,14,
,Eukaryotic Gene Expression,OpenStax: Eukaryotic Gene Expression,https://drive.google.com/file/d/1vK3viiM5htAEnketjuZZltza9IcCHzkU/view?usp=drive_link,reading,,40,
,Medellian Genetics,KA: Introduction to Hereditary,https://www.youtube.com/watch?v=eEUvRrhmcxM&list=PL5JaZVPnPe4ZlzNZG7oF6cCDkyX5J0dki,video,,33,
,Medellian Genetics,Amoebe Sisters: Dominance,https://www.youtube.com/watch?v=YJHGfbW55l0,video,,14,
,Medellian Genetics,KA: Hardy-Weinberg Principle,https://www.youtube.com/watch?v=4Kbruik_LOo,video,,26,
,Medellian Genetics,KA: Gene Mapping,https://www.youtube.com/watch?v=ZeATszO-6e0,video,,23,
,Medellian Genetics,OpenStax: Patterns of Inheritance,https://drive.google.com/file/d/15GBHR2m0C80T_LWZ0CVHXUvPXvZqQh11/view?usp=drive_link,reading,,40,
,Evolution,KA: Evolution & Natural Selection,https://www.youtube.com/watch?v=GcjgWov7mTM,video,,34,
,Evolution,KA: Adaption and Genetic Change,https://www.youtube.com/watch?v=XkhD_Rphlm0,video,,18,
,Evolution,KA: Evolution of Populations,https://drive.google.com/file/d/14f-sYj3F37rCir38uMqxqO4kg4Uq_eIr/view?usp=drive_link,reading,,40,
,Evolution,KA: Evolution & Natural Selection,https://drive.google.com/file/d/1Gwa1p87CrWOvnJaSmZIlnBGnC9N_Ic1M/view?usp=drive_link,reading,,40,
,Meiosis & Genetic Diversity,AK: Linked Genes,https://www.youtube.com/watch?v=99A6v-5_sFg,video,,25,
,Meiosis & Genetic Diversity,"AK: Genes, Alleles, and Loci",https://www.youtube.com/watch?v=GUS9qmG1wY4&t=1s,video,,27,
,Meiosis & Genetic Diversity,KA: Mutation,https://www.youtube.com/watch?v=LZCE-4q5f9c,video,,12,
,Meiosis & Genetic Diversity,OpenStax: Genetic Diversity,https://drive.google.com/file/d/17iJF9XmxG3gOvf_5q8cb_2A6AQbv10qm/view?usp=drive_link,reading,,40,
,"Glycolysis, Glycogen, Gluconeogenesis, and The Pentose Phosphate Pathway",NN: Glycolysis,https://www.youtube.com/watch?v=gggC9vctvBQ&list=PLTF9h-T1TcJhy6Og8piwo8doDJavTFOvg&index=1,video,,60,
,"Glycolysis, Glycogen, Gluconeogenesis, and The Pentose Phosphate Pathway",KA: Gluconeogensis,https://www.youtube.com/watch?v=FJkxYCVwJO0&t=1s,video,,18,
,"Glycolysis, Glycogen, Gluconeogenesis, and The Pentose Phosphate Pathway",KA: Pentose-Phosphate Pathway,https://www.youtube.com/watch?v=EP_E-7jPnNs,video,,24,
,"Glycolysis, Glycogen, Gluconeogenesis, and The Pentose Phosphate Pathway",LibreText: Glycolysis & Gluconeogenesis,https://drive.google.com/file/d/1vk4Xcpe1in64X-ExS8dpamPMF2NvNh__/view?usp=drive_link,reading,,60,
,"Glycolysis, Glycogen, Gluconeogenesis, and The Pentose Phosphate Pathway",LibreText: Glycolysis Regulation,https://drive.google.com/file/d/1uPEJJ2VXYVRbs6ASyyA8_Ixc3CTqJc7w/view?usp=drive_link,reading,,60,
,Aerobic Respiration,NN: Kreb's Cycle,https://www.youtube.com/watch?v=rr7IRYLqleg&list=PLTF9h-T1TcJhcNo9M1VFXz6rMKT6CM_wd&index=8,video,,60,
,Aerobic Respiration,AK: Complex I and II,https://www.youtube.com/watch?v=ay9WIAkoa1Y,video,,24,
,Aerobic Respiration,AK: Q Cycle and Complex III,https://www.youtube.com/watch?v=rOv-X7VFbp0,video,,30,
,Aerobic Respiration,AK: Complex IV,https://www.youtube.com/watch?v=E0YGToDEKeE,video,,18,
,Aerobic Respiration,LibreText: Citric Acid Cycle,https://drive.google.com/file/d/1Y12YyTVynhE-L3pK-p_OcMWRYfhhMB3-/view?usp=drive_link,reading,,40,
,Aerobic Respiration,LibreText: Electron Transport Chain,https://drive.google.com/file/d/1LMJeNagNeEi8A2EDBmeQ78oHEn2dXeoY/view?usp=drive_link,reading,,40,
,Lipids and Amino Acids,KA: Fatty Acid Synthesis,https://www.youtube.com/watch?v=4VNKyf34xmI&list=PL19JKnWyfWgTPYqghI1nn75o5JU7LowqO&index=14,video,,32,
,Lipids and Amino Acids,KA: Fatty Acid Metabolism,https://www.youtube.com/watch?v=6YV0bHzHAfw&list=PLbKSbFnKYVY0IFIZQsDo8ZfAq8oq8cgxg&index=4,video,,26,
,Lipids and Amino Acids,KA: Amino Acid Metabolism,https://www.youtube.com/watch?v=l0V-Xmps1mE&t=30s,video,,26,
,Lipids and Amino Acids,Amino Acid Metabolism,https://drive.google.com/file/d/1ceaOersI7UZq85w7U0oa7c5-5414Nf84/view?usp=drive_link,reading,,40,
,Lipids and Amino Acids,Fatty Acid Metabolism,https://drive.google.com/file/d/1VC5vJb-kYDp9HLzlBnUU4MBcEX5MKPsN/view?usp=drive_link,reading,,40,
,Bioenergetics and Regulation of Metabolism,MIT: Metabolism Regulation,https://www.youtube.com/watch?v=sBYrp3zssWE,video,,60,
,Bioenergetics and Regulation of Metabolism,LibreText: Metabolism Regulation,https://drive.google.com/file/d/1bCkaSUOAN5YXCe-otwwYWF-yInCSzxu-/view?usp=drive_link,reading,,40,
,Plasma Membrane,OCT: Phospholipid Bilayer,https://www.youtube.com/watch?v=AsffT7XIXbA,video,,50,
,Plasma Membrane,AK: Cell Junctions,https://www.youtube.com/watch?v=wGQabqD3HlI,video,,20,
,Plasma Membrane,KA: Membrane Potential,https://www.youtube.com/watch?v=920PtNX-WCE,video,,24,
,Plasma Membrane,OpenStax: Plasma Membrane,https://drive.google.com/file/d/1n3T5KGqXpQkdzcm0OV1d78e3vq4sed0z/view?usp=drive_link,reading,,40,
,The Cell,DM: Organelles,https://www.youtube.com/watch?v=qMOOw0OZZQ8,video,,50,
,The Cell,AK: Cytoskeleton,https://www.youtube.com/watch?v=kHLspuHXvK8,video,,22,
,The Cell,OpenStax: The Cell,https://drive.google.com/file/d/1Omgv-x8sOiEJB1ZUy3Wji-pDyxo-iUNp/view?usp=drive_link,reading,,40,
,Prokaryotes,AK: Prokaryotes,https://www.youtube.com/watch?v=UHw6xCnv1UU,video,,14,
,Prokaryotes,KA: Bacterial Cell Envelope,https://www.youtube.com/watch?v=HvqRqqSLGvk&list=PL9jo2wQj1WCNsX8WaHPlU0wdozh2kHZXz&index=18,video,,14,
,Prokaryotes,KA: Prokaryotes vs. Eukaryotes Translation,https://www.youtube.com/watch?v=UHw6xCnv1UU,video,,12,
,Prokaryotes,"AK: Conjugation, Transformation, Transduction",https://www.youtube.com/watch?v=MR7yvRDL5iQ,video,,24,
,Prokaryotes,OpenStax: Prokaryotes,https://drive.google.com/file/d/1sMulTfXLdBxRenU1jcGzzJ67GWVdo-ZE/view?usp=drive_link,reading,,40,
,Viruses,AK: Viruses,https://www.youtube.com/watch?v=QHZ1Ir_UaZQ&list=PL9jo2wQj1WCNsX8WaHPlU0wdozh2kHZXz&index=18,video,,24,
,Viruses,WG: RNA Viruses,https://www.youtube.com/watch?v=sjYix8wQDmk,video,,50,
,Viruses,OpenStax: Virsues,https://drive.google.com/file/d/1Xf1pDbQbpgk_uEkPAIn3_Mt0eK3COgzv/view?usp=drive_link,reading,,40,
,Mitosis,BS: Mitosis,https://www.youtube.com/watch?v=LUDws4JrIiI,video,,60,
,Mitosis,SS: Oncogenes and Tumor Suppressor,https://www.youtube.com/watch?v=206Z70DZaR4,video,,24,
,Mitosis,OpenStax: Cell Reproduction,https://drive.google.com/file/d/1FnFBbZ87lI_t--mlNgM1VodjPNDa1Ull/view?usp=drive_link,reading,,40,
,Embryogenesis,KA: Early embryogenesis,https://www.youtube.com/watch?v=dAOWQC-OBv0,video,,14,
,Embryogenesis,KA: Implantation,https://www.youtube.com/watch?v=1KL8HAm3uSY,video,,22,
,Embryogenesis,DM: Germ Layer Derivatives,https://www.youtube.com/watch?v=81ADk8Kybxw,video,,12,
,Embryogenesis,BS: Cell Specialization,https://www.youtube.com/watch?v=jp6L5emD8rw,video,,18,
,Embryogenesis,OpenStax: Embryogenesis,https://drive.google.com/file/d/1QKyPnHGw0gRvESieQBrfx6SPGwx_D-tc/view?usp=drive_link,reading,,40,
,Nervous System,BS: Nervous System,https://www.youtube.com/watch?v=UabDiuTtU0M,video,,34,
,Nervous System,Harvard: Action Potential,https://www.youtube.com/watch?v=oa6rvUJlg7o,video,,26,
,Nervous System,KA: Motor Unit,https://www.youtube.com/watch?v=vXb0ZvkFkS8,video,,20,
,Nervous System,KA: Peripheral Somatosensation,https://www.youtube.com/watch?v=oOIqk5hXBt4,video,,20,
,Nervous System,KA: Muscle Stretch Reflex,https://www.youtube.com/watch?v=Ya-3XHBWDqs,video,,20,
,Nervous System,OpenStax: Nervous System,https://drive.google.com/file/d/1m3Gx7DXBq-z6JdvdDcyJ0H5eO6XeRCCV/view?usp=drive_link,reading,,50,
,Endocrine System,DR: Endocrine System,https://www.youtube.com/watch?v=vLCg_kyuyw4,video,,34,
,Endocrine System,SS: Endocrine System Remembering,https://www.youtube.com/watch?v=cHcUGlR18gw,video,,15,
,Endocrine System,OpenStax: Endocrine System,https://drive.google.com/file/d/1pJMw59XKFWUJPrb2k1M78-2SFpPE_Go-/view?usp=drive_link,reading,,70,
,Respiration & Circulation,CC: Respiratory System,https://www.youtube.com/watch?v=bHZsvBdUC2I,video,,15,
,Respiration & Circulation,CC: Respiratory System 2,https://www.youtube.com/watch?v=Cqt4LjHnMEA,video,,15,
,Respiration & Circulation,DR: Gas Transport,https://www.youtube.com/watch?v=pFQVq6ArdSw,video,,20,
,Respiration & Circulation,"CC: The Heart, Part 1",https://www.youtube.com/watch?v=X9ZZ6tcxArI,video,,20,
,Respiration & Circulation,CC: The Heart Part 2,https://www.youtube.com/watch?v=FLBMwcvOaEo,video,,18,
,Respiration & Circulation,"CC: Vessels, Part 1",https://www.youtube.com/watch?v=v43ej5lCeBo,video,,18,
,Respiration & Circulation,"CC: Vessels, Part 2",https://www.youtube.com/watch?v=ZVklPwGALpI,video,,18,
,Respiration & Circulation,OpenStax: Respiration System,https://drive.google.com/file/d/1As6kUtrVSXuiW4bAPz4QcVNpqTwE8P-I/view?usp=drive_link,reading,,90,
,Respiration & Circulation,OpenStax: Circulation System,https://drive.google.com/file/d/1WG01fPp29UMss7Q-2jtBS7iu9ODqS9Av/view?usp=drive_link,reading,,50,
,Immune System,CC: Lymphatic System,https://www.youtube.com/watch?v=I7orwMgTQ5I,video,,18,
,Immune System,KG: Immune System 2,https://www.youtube.com/watch?v=lXfEK8G8CUI,video,,20,
,Immune System,OE: Immune System,https://www.youtube.com/watch?v=gR84OJ_EGxk,video,,32,
,Immune System,AH: Antibodies,https://www.youtube.com/watch?v=C1IPShHV85Q,video,,14,
,Immune System,OpenStax: Immune System,https://drive.google.com/file/d/1I8h3YOebgEUyJdtjq0Rv4MvtBfb7ZXFq/view?usp=drive_link,reading,,60,
,Digestion System,"CC: Digestive System, Part 1",https://www.youtube.com/watch?v=yIoTRGfcMqM,video,,20,
,Digestion System,"CC: Digestive System, Part 2",https://www.youtube.com/watch?v=pqgcEIaXGME,video,,20,
,Digestion System,"CC: Digestive System, Part 3",https://www.youtube.com/watch?v=jGme7BRkpuQ,video,,20,
,Digestion System,OpenStax: Digestion System,https://drive.google.com/file/d/1dkFJrfa6KdBvug7_ITYmv3YPw2uPBHye/view?usp=drive_link,reading,,60,
,Excretion System,AS: Excretory System and the Nephron,https://www.youtube.com/watch?v=q5qaGHfdmYM,video,,20,
,Excretion System,CC: Excretory System,https://www.youtube.com/watch?v=OEzKQmqV2WQ,video,,26,
,Excretion System,CC: Excretory System,https://www.youtube.com/watch?v=KfWTEwBf1nQ,video,,35,
,Excretion System,OpenStax: Excretory System,https://drive.google.com/file/d/1Er5t3yqlsZ17k4vWhE56IHsRnHpSNwY7/view?usp=drive_link,reading,,40,
,Reproductive System,AK: Spermatogenesis,https://www.youtube.com/watch?v=d5cQreR9h20&list=PL9jo2wQj1WCNqh2v1ejc5vDzh8dfeAFeL&index=8,video,,14,
,Reproductive System,AK: Oogenesis,https://www.youtube.com/watch?v=Y6s3obXg8Gs&list=PL9jo2wQj1WCNqh2v1ejc5vDzh8dfeAFeL&index=9,video,,20,
,Reproductive System,AK: Anatomy of Reproductive System,https://www.youtube.com/watch?v=c55qrVbwZTk&list=PL9jo2wQj1WCNqh2v1ejc5vDzh8dfeAFeL&index=11,video,,18,
,Reproductive System,AK: Menstrual System,https://www.youtube.com/watch?v=RQQ4KuH5XME&list=PL9jo2wQj1WCNqh2v1ejc5vDzh8dfeAFeL&index=13,video,,28,
,Reproductive System,AK: Hormones in Menstrual System,https://www.youtube.com/watch?v=EooU0vkt-r0&list=PL9jo2wQj1WCNqh2v1ejc5vDzh8dfeAFeL&index=14,video,,14,
,Reproductive System,OpenStax: Reproductive System,https://drive.google.com/file/d/1f_2nAIV3CJqlkeItfomYL12jue8Yojrv/view?usp=drive_link,reading,,70,
,Muscular System,AS: Muscule Tissue and Sliding Filament Model,https://www.youtube.com/watch?v=dpxalWACO7k,video,,16,
,Muscular System,PD: Muscular Contraction,https://www.youtube.com/watch?v=NfEJUPnqxk0,video,,24,
,Muscular System,BS: NMJ,https://www.youtube.com/watch?v=_k6QINRcdV4,video,,18,
,Muscular System,OpenStax: Muscle Tissue,https://drive.google.com/file/d/1520EOySBRDsgCti7doTqJcEHGh83L-Gn/view?usp=drive_link,reading,,60,
,Skin & Bones,"CC: Integumentary System, Part 1",Integumentary System,video,,18,
,Skin & Bones,Histology,https://www.youtube.com/watch?v=S59JwFCjNhc,video,,18,
,Skin & Bones,AS: Skeleton System,https://www.youtube.com/watch?v=m26gr04HIVE,video,,18,
,Skin & Bones,OpenStax: Skeletal System,https://drive.google.com/file/d/13L7bzL1dN2QZ13p3-YkJ3sW1p5hwWzXn/view?usp=drive_link,reading,,40,
,Skin & Bones,OpenStax: Integumentary System,https://drive.google.com/file/d/1af6WSBU5cZEbbIaviCFdZ-oH1a7wuzjg/view?usp=drive_link,reading,,40,
,Kinematics,"PD: Kinematics, Part 1",https://www.youtube.com/watch?v=hpWuZh6oTew,video,,14,
,Kinematics,"PD: Kinematics, Part 2",https://www.youtube.com/watch?v=K8iIu2OW7_E,video,,14,
,Kinematics,"PD: Kinematics, Part 3",https://www.youtube.com/watch?v=aY8z2qO44WA&t=10s,video,,14,
,Kinematics,OpenStax: Kinematics,https://drive.google.com/file/d/1V1AdqXClvXYrDmzbdD53Iv-6toTNzc6Q/view?usp=drive_link,reading,,80,
,Force,SS: The SI Units,https://www.youtube.com/watch?v=38xkmmT5bjE,video,,25,
,Force,SS: Dimensional Analysis,https://www.youtube.com/watch?v=z7iN6thGnn8,video,,50,
,Force,CC: Newton's Law,https://www.youtube.com/watch?v=kKKM8Y-u7ds&t=98s,video,,22,
,Force,CC: Friction,https://www.youtube.com/watch?v=fo_pmp5rtzo,video,,22,
,Force,OCT: Frictional Force,https://www.youtube.com/watch?v=tfAJDST3cjo,video,,24,
,Force,OpenStax: Force,https://drive.google.com/file/d/1j11RVJdlPNzL9ebXyBqcLyqCI7vigjCq/view?usp=drive_link,reading,,60,
,Energy,OCT: Work and Kinetic Energy,https://www.youtube.com/watch?v=MR8jQZLcHKM,video,,26,
,Energy,OCT: Kinetic Energy and Potential Energy,https://www.youtube.com/watch?v=DyaVgHGssos,video,,26,
,Energy,OCT: Conservation of Energy,https://www.youtube.com/watch?v=_DwG8fukuj4,video,,42,
,Energy,OCT: Energy,https://drive.google.com/file/d/1aL7o6Z-eb9HQeRDy5ZhL-LIRjdg9eBbs/view?usp=drive_link,reading,,60,
,Fluids,OCT: Buoyancy,https://www.youtube.com/watch?v=Qgl_l0H7Qgc,video,,30,
,Fluids,OCT: Pascal's Principle,https://www.youtube.com/watch?v=MZ6GCH2nLy0,video,,40,
,Fluids,MB: Fluid Dynamics,https://www.youtube.com/watch?v=Cdpoo2XM6Hg&list=PLX2gX-ftPVXVHnqlawAPDHuo3lg9lT6JI,video,,12,
,Fluids,"MB: Fluid Dynamics, 2",https://www.youtube.com/watch?v=tUwScwKQKeA&list=PLX2gX-ftPVXVHnqlawAPDHuo3lg9lT6JI&index=2,video,,6,
,Fluids,EE: Bernoulli's Equation,https://www.youtube.com/watch?v=DW4rItB20h4,video,,25,
,Fluids,KA: Venturi Effect,https://www.youtube.com/watch?v=Qz1g6kqvUG8,video,,20,
,Fluids,OpenStax: Fluids,https://drive.google.com/file/d/1tHBrMsgUMqOB1XuR3fA050qJoqzJYhsT/view?usp=drive_link,reading,,120,
,Gases,BS: Gases,https://www.youtube.com/watch?v=gmN2fRlQFp4,video,,18,
,Gases,TD: Gas Law Tricks,https://www.youtube.com/watch?v=UKUmYU6Q1cA,video,,14,
,Gases,OCT: Dalton's Law,https://www.youtube.com/watch?v=XC1txxuEKhg,video,,22,
,Gases,OpenStax: Gases,https://drive.google.com/file/d/1gbmtlZ6-C6FoUKbVNMIYKGnqi8QnFopR/view?usp=drive_link,reading,,90,
,Electrostatics & Magnetism,OCT: Colomb's Law,https://www.youtube.com/watch?v=KD8erWXQUOg&list=PL2iz2QJdvPGIuaXgMG1uh5GzWhxhcNJPK&index=6,video,,50,
,Electrostatics & Magnetism,PN: Coloumb's Law Problems,https://www.youtube.com/watch?v=Wgr36lO2bmc,video,,16,
,Electrostatics & Magnetism,PMA: Magnetic Force and the Right Hand Rule,https://www.youtube.com/watch?v=UXjGnZK_bkE,video,,16,
,Electrostatics & Magnetism,PN: Right Hand Rule Examples,https://www.youtube.com/watch?v=eCCbUdnj0j4,video,,12,
,Electrostatics & Magnetism,OCT: Magnetic Force on a Moving Charge,https://www.youtube.com/watch?v=7MBawzone30,video,,24,
,Electrostatics & Magnetism,OCT: Series and Parallel Circuits,https://www.youtube.com/watch?v=7mdc-lRrW1c,video,,50,
,Electrostatics & Magnetism,OpenStax: Electrostatics,https://drive.google.com/file/d/1-RtcQm9qom-piqXScTcvB2G2AQTS0vlv/view?usp=drive_link,video,,90,
,Electrostatics & Magnetism,OpenStax: Magnetism,https://drive.google.com/file/d/1RXjHEElNeZfCTqpKscE8PY5QmfOav1bK/view?usp=drive_link,video,,90,
,Circuits,VDC: Circuits,https://www.youtube.com/watch?v=kkTr4tPUehQ&list=PL2iz2QJdvPGIuaXgMG1uh5GzWhxhcNJPK&index=7,video,,50,
,Circuits,OCT: Electric Current,https://www.youtube.com/watch?v=r-SCyD7f_zI,video,,36,
,Circuits,PN: Circuit Problems using Kirchoff's Rule,https://www.youtube.com/watch?v=dgkaE7eiY5w,video,,38,
,Circuits,OpenStax: Circuits,https://drive.google.com/file/d/1vKqN-mqaM5kIs0XIQeJzhhVniz4NRGuz/view?usp=drive_link,reading,,90,
,Electrochemistry,OCT: Galvanic Cell & Voltaic Cell,https://www.youtube.com/watch?v=9blB-uMTIAM,video,,60,
,Electrochemistry,OCT: Standard Reduction Potential,https://www.youtube.com/watch?v=lUXP856WluE,video,,22,
,Electrochemistry,OCT: Cell Potential Problems,https://www.youtube.com/watch?v=UzkLP8segcs,video,,20,
,Electrochemistry,OpenStax: Electrochemistry,https://drive.google.com/file/d/1aEGHpoWRxL0FvCnQ9QDpRxK_QQgp0zNV/view?usp=drive_link,reading,,80,
,Sound & Waves,VDC: Waves and Sound,https://www.youtube.com/watch?v=F5BavTch97U,video,,60,
,Sound & Waves,"OCT: Wavelength, Frequency, Energy, Speed, Amplitude",https://www.youtube.com/watch?v=DSz4ZILAneQ,video,,60,
,Sound & Waves,OpenStax: Sound & Waves,https://drive.google.com/file/d/1gwKMQCF9iraMwV9gnDNBXg8VB-no8sbJ/view?usp=drive_link,reading,,120,
,Light & Optics,VDC: Light & Optics,https://www.youtube.com/watch?v=F5BavTch97U,video,,34,
,Light & Optics,VDC: Light & Optics 2,https://www.youtube.com/watch?v=F5BavTch97U,video,,32,
,Light & Optics,SS: Mirrors and Lens,https://www.youtube.com/watZD,video,,30,
,Light & Optics,KA: Polarization of Light,https://www.youtube.com/watZD,video,,28,
,Light & Optics,KA: Young's Double Slit,https://www.youtube.com/watZD,video,,18,
,Light & Optics,OpenStax: EMR & Optics,https://drive.google.com/file/d/126cNDMkrOqEva5JftK8oKLLTuP3bgkHp/view?usp=drive_link,reading,,120,
,Light & Optics,OpenStax: Slit Experiments,https://drive.google.com/file/d/1LJokwsCADRDXnDrAU5RzM53AajVxQnZW/view?usp=drive_link,reading,,18,
,Spectroscopy,CC: IR Spectroscropy,https://www.youtube.com/watch?v=xMa1BQ8z9C0,video,,26,
,Spectroscopy,OCT: IR Spectroscopy Problems,https://www.youtube.com/watch?v=SzVxYTp3pZY,video,,22,
,Spectroscopy,OCT: Intro to NMR,https://www.youtube.com/watch?v=CH-4TtZSvY0,video,,22,
,Spectroscopy,OCT: Proton NMR Spectroscopy,https://www.youtube.com/watch?v=vejKDb1dBn8,video,,30,
,Spectroscopy,OCT: H-NMR Signals,https://www.youtube.com/watch?v=q-EwIjyHiQQ,video,,40,
,Spectroscopy,OpenStax: Mass Spec & IR,https://drive.google.com/file/d/12UuqrCtBvZgw57gKu3KwM3YvmN_t8m_H/view?usp=drive_link,reading,,68,
,Spectroscopy,OpenStax: H-NMR,https://drive.google.com/file/d/1kCFPLJ7G7wJPp2mgBTRxw52cjwO7cj-M/view?usp=drive_link,reading,,86,
,Atoms,OCT: Atoms Introduction,https://www.youtube.com/watch?v=acdkMeEKCNQ,video,,20,
,Atoms,OCT: Quantum Numbers,https://www.youtube.com/watch?v=eRIN9CPDrpo,video,,20,
,Atoms,OCT: Bohr Model,https://www.youtube.com/watch?v=mXxsT1ut35Q,video,,35,
,Atoms,OCT: Radioactive Decay,https://www.youtube.com/watch?v=cPRFF-eCGT8,video,,20,
,Atoms,KA: Photoelectric Effect,https://www.youtube.com/watch?v=vuGpUFjLaYE,video,,20,
,Atoms,OCT: Electron Configuration,https://www.youtube.com/watch?v=NIwcDnFjj98,video,,20,
,Atoms,OpenStax: Atoms,https://drive.google.com/file/d/1c0VDQjAnVWZAcnH0-t7J642tgfQSmK70/view?usp=drive_link,reading,,40,
,Atoms,OpenStax: Electronic Structure,https://drive.google.com/file/d/1sywL4eQ2Tsr9WdRSg7QJgy9m_mXuR6jC/view?usp=drive_link,reading,,40,
,Periodic Trends,CC: Periodic Table,https://www.youtube.com/watch?v=0RRVV4Diomg,video,,20,
,Periodic Trends,OCT: Periodic Trends,https://www.youtube.com/watch?v=Gy9HR65DpYQ,video,,120,
,Periodic Trends,LibreText: Periodic Trends,https://drive.google.com/file/d/1cVDa0f1xxR-2wEA1qsv0gjlMTo5ikLyV/view?usp=drive_link,reading,,60,
,Stoichiometry,SS: MCAT Math,https://www.youtube.com/watch?v=F23R6UKcCRM,video,,60,
,Stoichiometry,SS: Dimensional Analysis,https://www.youtube.com/watch?v=z7iN6thGnn8&t=1112s,video,,50,
,Stoichiometry,OCT: Avogadro's Number and More,https://www.youtube.com/watch?v=74-X94OP2XI,video,,34,
,Stoichiometry,L4S: Empircal Formula vs. Molecular Formula,https://www.youtube.com/watch?v=8TgtaXs6fqg&list=PL_uKI3obn00Z5HcGo-of084ZLN1m48wXR&index=3,video,,26,
,Stoichiometry,L4S: Calculating Oxidation Number,https://www.youtube.com/watch?v=BoYH3y1Fb5Y&list=PL_uKI3obn00Z5HcGo-of084ZLN1m48wXR&index=8,video,,22,
,Stoichiometry,PD: Balancing Redox Reactions,https://www.youtube.com/watch?v=N6ivvu6xlog,video,,20,
,Stoichiometry,"L4S: Limiting Reactant, Excess Reagant, Product Yield",https://www.youtube.com/watch?v=bHzYctYY9Jo&list=PL_uKI3obn00Z5HcGo-of084ZLN1m48wXR&index=17,video,,34,
,Stoichiometry,OpenStax: Stoichiometry,https://drive.google.com/file/d/1OhsIU-wpQXnCM9RMwNsPh_YMP_0fbehP/view?usp=drive_link,reading,,100,
,Acid-Base,Chad's Prep: Acids and Bases,https://www.youtube.com/watch?v=mSL4QpJkeW4,video,,64,
,Acid-Base,Chad's Prep: Binary Acids,https://www.youtube.com/watch?v=ytULYN-D3l4,video,,40,
,Acid-Base,Chad's Prep: pH Scale,https://www.youtube.com/watch?v=nnLxMrTdDvw,video,,54,
,Acid-Base,Chad's Prep: Calculations for Strong Acids and Bases,https://www.youtube.com/watch?v=WUkiaeZe_3o,video,,24,
,Acid-Base,Chad's Prep: Weak Acids and Bases,https://www.youtube.com/watch?v=5IlHbc7ZX5w,video,,64,
,Acid-Base,Chad's Prep: Acidity and Basicity of Salts,https://www.youtube.com/watch?v=ZLmeduuyt6M,video,,48,
,Acid-Base,OpenStax: Acid-Base,https://drive.google.com/file/d/10u6-DGZEpcknJ9cB-qV90reAdy0_fFC-/view?usp=drive_link,reading,,80,
,Solutions,Chad's Prep: Buffers and Buffer pH,https://www.youtube.com/watch?v=AQdes2OlLgU,video,,90,
,Solutions,Chad's Prep: Acid-Base Titrations,https://www.youtube.com/watch?v=8ZlKR9crGws,video,,80,
,Solutions,Chad's Prep: Acid-Base pH Calculations (Strong),https://www.youtube.com/watch?v=8qs4na0X-YE,video,,32,
,Solutions,Chad's Prep: Acid-Base pH Calculations (Weak),https://www.youtube.com/watch?v=3Y9TaxwcQGs,video,,60,
,Solutions,Chad's Prep: Solubility and Ksp,https://www.youtube.com/watch?v=CUsd3-bR_XY,video,,44,
,Solutions,Chad's Prep: Common-Ion Effect,https://www.youtube.com/watch?v=xU3kUaRng9I,video,,46,
,Solutions,Chad's Prep: pH Effects on Solubility,https://www.youtube.com/watch?v=5BqL8x2J0_Y,video,,16,
,Solutions,OpenStax: Solutions,https://drive.google.com/file/d/1fJ01_uz7u4dTpRPdVG__nuJb5s7kRi1W/view?usp=drive_link,reading,,70,
,Covalent Bonds,OCT: How to Draw Lewis Structures,https://www.youtube.com/watch?v=NFZtjSeT3XE&t=249s,video,,22,
,Covalent Bonds,OCT: Bond Polarity,https://www.youtube.com/watch?v=ds5HXmBkO0Y&t=1s,video,,22,
,Covalent Bonds,Chad's Prep: Hybridization,https://www.youtube.com/watch?v=hQk9xNU_2nU&t=53s,video,,32,
,Covalent Bonds,PDE: Resonance Structures,https://www.youtube.com/watch?v=fYCzeFEAfjg,video,,24,
,Covalent Bonds,PDE: VSEPR and Molecular Geometry,https://www.youtube.com/watch?v=Q9-JjyAEqnU,video,,12,
,Covalent Bonds,MM: Phi & Psi Angles,https://www.youtube.com/watch?v=JyUMLSsbecI,video,,18,
,Covalent Bonds,RH: R& S Stereochemistry,https://www.youtube.com/watch?v=H8397yNtuA0,video,,36,
,Covalent Bonds,Openstax: Covalent Bond,https://drive.google.com/file/d/1yW-V-TnWgvXGxmPaCEZAhXSJ10m0JB3C/view?usp=drive_link,reading,,96,
,Covalent Bonds,OpenStax: Advanced Covalent Bonding,https://drive.google.com/file/d/1BgS015mCdeVSP9fpoX4Pca6rd6EO1r1U/view?usp=drive_link,video,,120,
,Intermolecular Forces,CP: Intermolecular Forces,https://www.youtube.com/watch?v=AqpCVyexB1w,video,,70,
,Intermolecular Forces,SS: Hydrophobic Effect and Entropy,https://www.youtube.com/watch?v=Nwyf6G_IVXM,video,,10,
,Intermolecular Forces,CP: Phase Diagrams,https://www.youtube.com/watch?v=WDgFCI_BYmo,video,,30,
,Intermolecular Forces,OpenStax: Liquids & Solids,https://drive.google.com/file/d/1PwE-hKmXejlduq_Pf7E8B_BQ4w88W0f1/view?usp=drive_link,reading,,90,
,Seperations and Purifications,PDE: Extractions,https://www.youtube.com/watch?v=N96JaRnE7n0,video,,20,
,Seperations and Purifications,PDE: TLC,https://www.youtube.com/watch?v=I4u_1ST7Ezk,video,,20,
,Seperations and Purifications,PDE: Column Chromatography,https://www.youtube.com/watch?v=yig3QCfBTzc,video,,20,
,Seperations and Purifications,PDE: Seperating by Distillation,https://www.youtube.com/watch?v=Vz2la3947I0,video,,10,
,Seperations and Purifications,NCI: Chromatograph, https://drive.google.com/file/d/1EGSK5qpK-c70NcmCYK_1nT5FwcNUvYie/view?usp=drive_link,reading,,15,
,Seperations and Purifications,LibreText: Extraction,https://drive.google.com/file/d/1RAV4gS2teq-cDHCs0yAfnxEw37Jzjf8n/view?usp=drive_link,reading,,30,